"","scenario.label","n","year","scenario.label.nm","spawners.change","prcnt.change","y.pos"
"1","Climate change only 2040",29986.218640021,"Mid-century","Climate Change",-1736,-5.47180974561016,-5.47180974561016
"2","Climate change only 2080",26399.8175837677,"Late-century","Climate Change",-5322,-16.7775367345273,-16.7775367345273
"3","Riparian growth and climate change 2040",30756.3052103847,"Mid-century","Riparian",-966,-3.04419822481183,-3.04419822481183
"4","Riparian growth and climate change 2080",28471.4125386004,"Late-century","Riparian",-3251,-10.247066041597,-10.247066041597
"5","Floodplain reconnection and climate change 2040",31382.8781393305,"Mid-century","Floodplain",-339,-1.06899735848504,-1.06899735848504
"6","Floodplain reconnection and climate change 2080",29571.2536931252,"Late-century","Floodplain",-2151,-6.77994018779659,-6.77994018779659
"7","Combined scenario 2040",31870.0762649789,"Mid-century","Combined",148,0.46684007622925,0.46684007622925
"8","Combined scenario 2080",30596.8653806469,"Late-century","Combined",-1125,-3.54681440128008,-3.54681440128008
