"","scenario.label","n","year","scenario.label.nm","spawners.change","prcnt.change","y.pos"
"1","Climate change only 2040",13311.1984503431,"Mid-century","Climate Change",-1234,-8.48492725191508,-8.48492725191508
"2","Climate change only 2080",9597.52288212931,"Late-century","Climate Change",-4948,-34.0166095460147,-34.0166095460147
"3","Riparian growth and climate change 2040",14003.7681527788,"Mid-century","Riparian",-542,-3.72348019378875,-3.72348019378875
"4","Riparian growth and climate change 2080",10540.3355148372,"Late-century","Riparian",-4005,-27.5347313746431,-27.5347313746431
"5","Floodplain reconnection and climate change 2040",14750.1808616254,"Mid-century","Floodplain",205,1.4081398932386,1.4081398932386
"6","Floodplain reconnection and climate change 2080",12175.6680838876,"Late-century","Floodplain",-2370,-16.2917482892168,-16.2917482892168
"7","Combined scenario 2040",15592.1754871238,"Mid-century","Combined",1047,7.19688984640313,7.19688984640313
"8","Combined scenario 2080",13115.6717169962,"Late-century","Combined",-1430,-9.82918211320253,-9.82918211320253
