"","scenario.label","n","year","scenario.label.nm","spawners.change","prcnt.change","y.pos"
"1","Climate change only 2040",421.903402760617,"Mid-century","Climate Change",-396,-48.3989698788532,-48.3989698788532
"2","Climate change only 2080",60.0335799019741,"Late-century","Climate Change",-758,-92.6575738793942,-92.6575738793942
"3","Riparian growth and climate change 2040",760.29064311949,"Mid-century","Riparian",-57,-7.01241061406061,-7.01241061406061
"4","Riparian growth and climate change 2080",461.928885515419,"Late-century","Riparian",-356,-43.5036404557439,-43.5036404557439
"5","Floodplain reconnection and climate change 2040",814.303169078672,"Mid-century","Floodplain",-3,-0.406391414636529,-0.406391414636529
"6","Floodplain reconnection and climate change 2080",457.065180955336,"Late-century","Floodplain",-361,-44.0984973918649,-44.0984973918649
"7","Combined scenario 2040",1123.80478438777,"Mid-century","Combined",306,37.4473022735603,37.4473022735603
"8","Combined scenario 2080",840.332352927932,"Late-century","Combined",23,2.77711621067788,2.77711621067788
