"","scenario.label","n","year","scenario.label.nm","spawners.change","prcnt.change","y.pos"
"1","Climate change only 2040",19105.5577822427,"Mid-century","Climate Change",-648,-3.28264632328543,-3.28264632328543
"2","Climate change only 2080",19105.5577822427,"Late-century","Climate Change",-648,-3.28264632328543,-3.28264632328543
"3","Riparian growth and climate change 2040",19105.5577822427,"Mid-century","Riparian",-648,-3.28264632328543,-3.28264632328543
"4","Riparian growth and climate change 2080",19105.5577822427,"Late-century","Riparian",-648,-3.28264632328543,-3.28264632328543
"5","Floodplain reconnection and climate change 2040",19105.5577822427,"Mid-century","Floodplain",-648,-3.28264632328543,-3.28264632328543
"6","Floodplain reconnection and climate change 2080",19105.5577822427,"Late-century","Floodplain",-648,-3.28264632328543,-3.28264632328543
"7","Combined scenario 2040",19105.5577822427,"Mid-century","Combined",-648,-3.28264632328543,-3.28264632328543
"8","Combined scenario 2080",19105.5577822427,"Late-century","Combined",-648,-3.28264632328543,-3.28264632328543
