"","scenario.label","n","year","scenario.label.nm","spawners.change","prcnt.change","y.pos"
"1","Climate change only 2040",13088.2346960026,"Mid-century","Climate Change",-1448,-9.96018187963631,-9.96018187963631
"2","Climate change only 2080",9155.44024029495,"Late-century","Climate Change",-5381,-37.0156332618494,-37.0156332618494
"3","Riparian growth and climate change 2040",13995.276540976,"Mid-century","Riparian",-541,-3.72023549680577,-3.72023549680577
"4","Riparian growth and climate change 2080",10536.3745149808,"Late-century","Riparian",-4000,-27.515568981457,-27.515568981457
"5","Floodplain reconnection and climate change 2040",14564.8801808087,"Mid-century","Floodplain",29,0.198322606901363,0.198322606901363
"6","Floodplain reconnection and climate change 2080",11785.7058080376,"Late-century","Floodplain",-2750,-18.9208604503458,-18.9208604503458
"7","Combined scenario 2040",15581.045871246,"Mid-century","Combined",1045,7.18898071108899,7.18898071108899
"8","Combined scenario 2080",13110.7792975946,"Late-century","Combined",-1425,-9.80508748577127,-9.80508748577127
