"","scenario.label","n","year","scenario.label.nm","spawners.change","prcnt.change","y.pos"
"1","Climate change only 2040",744.034244115288,"Mid-century","Climate Change",-74,-9.00065467464039,-9.00065467464039
"2","Climate change only 2080",441.251748202595,"Late-century","Climate Change",-376,-46.0325643239013,-46.0325643239013
"3","Riparian growth and climate change 2040",760.29064311949,"Mid-century","Riparian",-57,-7.01241061406061,-7.01241061406061
"4","Riparian growth and climate change 2080",461.928885515419,"Late-century","Riparian",-356,-43.5036404557439,-43.5036404557439
"5","Floodplain reconnection and climate change 2040",1114.66630430326,"Mid-century","Floodplain",297,36.3296175546965,36.3296175546965
"6","Floodplain reconnection and climate change 2080",827.266420909701,"Late-century","Floodplain",10,1.17908323151236,1.17908323151236
"7","Combined scenario 2040",1125.92955869542,"Mid-century","Combined",308,37.7071734723519,37.7071734723519
"8","Combined scenario 2080",842.66619815554,"Late-century","Combined",25,3.06255789495895,3.06255789495895
