"","scenario.label","n","year","scenario.label.nm","spawners.change","prcnt.change","y.pos"
"1","Climate change only 2040",604.172549413498,"Mid-century","Climate Change",-390,-39.2057325139883,-39.2057325139883
"2","Climate change only 2080",47.1125588114375,"Late-century","Climate Change",-947,-95.2593451901888,-95.2593451901888
"3","Riparian growth and climate change 2040",889.6765604633,"Mid-century","Riparian",-104,-10.4771727127521,-10.4771727127521
"4","Riparian growth and climate change 2080",314.967626005096,"Late-century","Riparian",-679,-68.3066929747535,-68.3066929747535
"5","Floodplain reconnection and climate change 2040",969.564863471574,"Mid-century","Floodplain",-24,-2.43849093748244,-2.43849093748244
"6","Floodplain reconnection and climate change 2080",352.20536410016,"Late-century","Floodplain",-642,-64.5596822697437,-64.5596822697437
"7","Combined scenario 2040",1232.89434233504,"Mid-century","Combined",239,24.0587784113459,24.0587784113459
"8","Combined scenario 2080",688.846075887858,"Late-century","Combined",-305,-30.6855423423837,-30.6855423423837
