"","scenario.label","n","year","scenario.label.nm","spawners.change","prcnt.change","y.pos"
"1","Climate change only 2040",12457.5354240849,"Mid-century","Climate Change",-1463,-10.5100375260291,-10.5100375260291
"2","Climate change only 2080",10736.9420019364,"Late-century","Climate Change",-3184,-22.8700939528676,-22.8700939528676
"3","Riparian growth and climate change 2040",13454.8573466403,"Mid-century","Riparian",-466,-3.34567488240321,-3.34567488240321
"4","Riparian growth and climate change 2080",12309.7680466969,"Late-century","Riparian",-1611,-11.5715393887294,-11.5715393887294
"5","Floodplain reconnection and climate change 2040",13785.6355523009,"Mid-century","Floodplain",-135,-0.969496272102829,-0.969496272102829
"6","Floodplain reconnection and climate change 2080",12534.1275025292,"Late-century","Floodplain",-1386,-9.95983060367589,-9.95983060367589
"7","Combined scenario 2040",14872.4467310524,"Mid-century","Combined",952,6.83772147136292,6.83772147136292
"8","Combined scenario 2080",13904.1767596366,"Late-century","Combined",-16,-0.117943550399958,-0.117943550399958
