"","scenario.label","n","year","scenario.label.nm","spawners.change","prcnt.change","y.pos"
"1","Climate change only 2040",77908.9872214664,"Mid-century","Climate Change",-11840,-13.1921866225506,-13.1921866225506
"2","Climate change only 2080",66789.4472735923,"Late-century","Climate Change",-22959,-25.5818092201883,-25.5818092201883
"3","Riparian growth and climate change 2040",88527.3034464807,"Mid-century","Riparian",-1222,-1.36103791792705,-1.36103791792705
"4","Riparian growth and climate change 2080",79363.1885555897,"Late-century","Riparian",-10386,-11.5718852615925,-11.5718852615925
"5","Floodplain reconnection and climate change 2040",82442.1247196925,"Mid-century","Floodplain",-7307,-8.14127057301038,-8.14127057301038
"6","Floodplain reconnection and climate change 2080",70754.94095841,"Late-century","Floodplain",-18994,-21.1633737094997,-21.1633737094997
"7","Combined scenario 2040",93392.2828408345,"Mid-century","Combined",3643,4.05962327164411,4.05962327164411
"8","Combined scenario 2080",83819.1736068212,"Late-century","Combined",-5930,-6.60693407257953,-6.60693407257953
