"","scenario.label","n","year","scenario.label.nm","spawners.change","prcnt.change","y.pos"
"1","Climate change only 2040",82453.1560692022,"Mid-century","Climate Change",5,0.00609791790809317,0.00609791790809317
"2","Climate change only 2080",82462.4844824411,"Late-century","Climate Change",14,0.017412199280229,0.017412199280229
"3","Riparian growth and climate change 2040",82453.1560692022,"Mid-century","Riparian",5,0.00609791790809317,0.00609791790809317
"4","Riparian growth and climate change 2080",82462.4844824411,"Late-century","Riparian",14,0.017412199280229,0.017412199280229
"5","Floodplain reconnection and climate change 2040",82453.1560692022,"Mid-century","Floodplain",5,0.00609791790809317,0.00609791790809317
"6","Floodplain reconnection and climate change 2080",82462.4844824411,"Late-century","Floodplain",14,0.017412199280229,0.017412199280229
"7","Combined scenario 2040",82453.1560692022,"Mid-century","Combined",5,0.00609791790809317,0.00609791790809317
"8","Combined scenario 2080",82462.4844824411,"Late-century","Combined",14,0.017412199280229,0.017412199280229
