"","scenario.label","n","year","scenario.label.nm","spawners.change","prcnt.change","y.pos"
"1","Climate change only 2040",744.034244115288,"Mid-century","Climate Change",-74,-9.00065467464039,-9.00065467464039
"2","Climate change only 2080",441.251748202595,"Late-century","Climate Change",-376,-46.0325643239013,-46.0325643239013
"3","Riparian growth and climate change 2040",760.29064311949,"Mid-century","Riparian",-57,-7.01241061406061,-7.01241061406061
"4","Riparian growth and climate change 2080",461.928885515419,"Late-century","Riparian",-356,-43.5036404557439,-43.5036404557439
"5","Floodplain reconnection and climate change 2040",1112.41165559252,"Mid-century","Floodplain",295,36.0538620256477,36.0538620256477
"6","Floodplain reconnection and climate change 2080",824.764033781947,"Late-century","Floodplain",7,0.873027976425262,0.873027976425262
"7","Combined scenario 2040",1123.80478438777,"Mid-century","Combined",306,37.4473022735603,37.4473022735603
"8","Combined scenario 2080",840.332352927932,"Late-century","Combined",23,2.77711621067788,2.77711621067788
