"","scenario.label","n","year","scenario.label.nm","spawners.change","prcnt.change","y.pos"
"1","Climate change only 2040",13585.5609509864,"Mid-century","Climate Change",-563,-3.98214465964221,-3.98214465964221
"2","Climate change only 2080",12311.4569770044,"Late-century","Climate Change",-1838,-12.987052996055,-12.987052996055
"3","Riparian growth and climate change 2040",13799.6343501669,"Mid-century","Riparian",-349,-2.46915091953217,-2.46915091953217
"4","Riparian growth and climate change 2080",12486.8312124447,"Late-century","Riparian",-1662,-11.7475710173805,-11.7475710173805
"5","Floodplain reconnection and climate change 2040",13584.7624175503,"Mid-century","Floodplain",-564,-3.9877884065759,-3.9877884065759
"6","Floodplain reconnection and climate change 2080",12311.4560121826,"Late-century","Floodplain",-1838,-12.9870598150681,-12.9870598150681
"7","Combined scenario 2040",13799.6339410667,"Mid-century","Combined",-349,-2.46915381090469,-2.46915381090469
"8","Combined scenario 2080",12486.8314374872,"Late-century","Combined",-1662,-11.7475694268613,-11.7475694268613
