"","scenario.label","n","year","scenario.label.nm","spawners.change","prcnt.change","y.pos"
"1","Climate change only 2040",84535.5413326287,"Mid-century","Climate Change",-11406,-11.8887685502391,-11.8887685502391
"2","Climate change only 2080",65313.856924925,"Late-century","Climate Change",-30628,-31.9234930815143,-31.9234930815143
"3","Riparian growth and climate change 2040",91962.6075629286,"Mid-century","Riparian",-3979,-4.14755176384975,-4.14755176384975
"4","Riparian growth and climate change 2080",74816.8419416632,"Late-century","Riparian",-21125,-22.0185501536781,-22.0185501536781
"5","Floodplain reconnection and climate change 2040",89027.6500287944,"Mid-century","Floodplain",-6914,-7.20665233277826,-7.20665233277826
"6","Floodplain reconnection and climate change 2080",68930.6033990229,"Late-century","Floodplain",-27011,-28.1537652173438,-28.1537652173438
"7","Combined scenario 2040",96836.3106737265,"Mid-century","Combined",894,0.932299574928838,0.932299574928838
"8","Combined scenario 2080",78810.3543662184,"Late-century","Combined",-17131,-17.8561198670731,-17.8561198670731
