"","scenario.label","n","year","scenario.label.nm","spawners.change","prcnt.change","y.pos"
"1","Climate change only 2040",30504.2695088521,"Mid-century","Climate Change",-935,-2.97274130500678,-2.97274130500678
"2","Climate change only 2080",29449.7887243498,"Late-century","Climate Change",-1989,-6.32680883437721,-6.32680883437721
"3","Riparian growth and climate change 2040",30636.9297977197,"Mid-century","Riparian",-802,-2.55077859703981,-2.55077859703981
"4","Riparian growth and climate change 2080",29657.7607724761,"Late-century","Riparian",-1781,-5.66529626450465,-5.66529626450465
"5","Floodplain reconnection and climate change 2040",30504.2695088521,"Mid-century","Floodplain",-935,-2.97274130500678,-2.97274130500678
"6","Floodplain reconnection and climate change 2080",29449.7887243498,"Late-century","Floodplain",-1989,-6.32680883437721,-6.32680883437721
"7","Combined scenario 2040",30636.9297977197,"Mid-century","Combined",-802,-2.55077859703981,-2.55077859703981
"8","Combined scenario 2080",29657.7607724761,"Late-century","Combined",-1781,-5.66529626450465,-5.66529626450465
