"","scenario.label","n","year","scenario.label.nm","spawners.change","prcnt.change","y.pos"
"1","Climate change only 2040",29342.722580701,"Mid-century","Climate Change",-2096,-6.66736229081273,-6.66736229081273
"2","Climate change only 2080",27128.6940260269,"Late-century","Climate Change",-4310,-13.7096919315907,-13.7096919315907
"3","Riparian growth and climate change 2040",30636.9297977197,"Mid-century","Riparian",-802,-2.55077859703981,-2.55077859703981
"4","Riparian growth and climate change 2080",29657.7607724761,"Late-century","Riparian",-1781,-5.66529626450465,-5.66529626450465
"5","Floodplain reconnection and climate change 2040",31084.0235436539,"Mid-century","Floodplain",-355,-1.12867338861679,-1.12867338861679
"6","Floodplain reconnection and climate change 2080",30043.0200265923,"Late-century","Floodplain",-1396,-4.4398727445963,-4.4398727445963
"7","Combined scenario 2040",31773.5918406814,"Mid-century","Combined",335,1.06468913475497,1.06468913475497
"8","Combined scenario 2080",31249.7955209108,"Late-century","Combined",-189,-0.601389805674086,-0.601389805674086
