"","scenario.label","n","year","scenario.label.nm","spawners.change","prcnt.change","y.pos"
"1","Climate change only 2040",86261.103907309,"Mid-century","Climate Change",-3488,-3.88608456130426,-3.88608456130426
"2","Climate change only 2080",76808.0917456144,"Late-century","Climate Change",-12941,-14.4188272505975,-14.4188272505975
"3","Riparian growth and climate change 2040",88527.3034464807,"Mid-century","Riparian",-1222,-1.36103791792705,-1.36103791792705
"4","Riparian growth and climate change 2080",79363.1885555897,"Late-century","Riparian",-10386,-11.5718852615925,-11.5718852615925
"5","Floodplain reconnection and climate change 2040",91210.8669827951,"Mid-century","Floodplain",1462,1.62904436853243,1.62904436853243
"6","Floodplain reconnection and climate change 2080",81352.2317436864,"Late-century","Floodplain",-8397,-9.35565198697471,-9.35565198697471
"7","Combined scenario 2040",93392.2828408345,"Mid-century","Combined",3643,4.05962327164411,4.05962327164411
"8","Combined scenario 2080",83819.1736068212,"Late-century","Combined",-5930,-6.60693407257953,-6.60693407257953
